{"cameraMode":{"drawMode":0,"name":"Shaded","section":"Shading Mode"},"sceneLighting":false,"audioPlay":false,"sceneViewState":{"m_AlwaysRefresh":false,"showFog":true,"showSkybox":true,"showFlares":true,"showImageEffects":true,"showParticleSystems":true,"showVisualEffectGraphs":true,"m_FxEnabled":false},"in2DMode":false,"pivot":{"x":-10.932750701904297,"y":-58.29785919189453,"z":61.643394470214847},"rotation":{"x":-0.3943553864955902,"y":0.0035023908130824568,"z":-0.0019613816402852537,"w":-0.9191240072250366},"size":42.39930725097656,"orthographic":false}