{"cameraMode":{"drawMode":0,"name":"Shaded","section":"Shading Mode"},"sceneLighting":false,"audioPlay":false,"sceneViewState":{"m_AlwaysRefresh":false,"showFog":true,"showSkybox":false,"showFlares":true,"showImageEffects":true,"showParticleSystems":true,"showVisualEffectGraphs":true,"m_FxEnabled":true},"in2DMode":false,"pivot":{"x":-0.40106201171875,"y":0.6615135073661804,"z":-0.28769731521606448},"rotation":{"x":-0.04920971766114235,"y":0.9443685412406921,"z":-0.16630028188228608,"w":-0.27944695949554446},"size":1.0428720712661744,"orthographic":false}